{
  "tamArray": [
    100,
    500,
    1000,
    5000,
    7500,
    10000,
    25000,
    50000
  ],
  "bubble": [
    17.502700000000004,
    35.93830000000001,
    195.28799999999998,
    4317.9272,
    21503.0768,
    64820.0321,
    261912.7797,
    1040082.0316999999
  ],
  "merge": [
    0.9123000000000019,
    1.7618999999999971,
    2.594599999999957,
    11.047099999999773,
    29.415899999999965,
    66.2042000000074,
    154.83649999997579,
    214.62260000011884
  ],
  "binary": [
    0.04100000000001103,
    0.004599999999996385,
    0.006500000000016826,
    0.01629999999931897,
    0.020599999999831198,
    0.009799999999813735,
    0.008999999961815774,
    0.009400000097230077
  ],
  "linear": [
    0.028499999999993975,
    0.0018999999999920192,
    0.002299999999991087,
    0.0020000000004074536,
    0.004799999998795101,
    0.0028999999922234565,
    0.006099999998696148,
    0.004699999932199717
  ]
}