{
  "tamArray": [
    100,
    500,
    1000,
    5000,
    10000
  ],
  "bubble": [
    15.419899999999998,
    33.5235,
    217.11989999999997,
    5166.2465,
    34669.8811
  ],
  "merge": [
    0.3896000000000015,
    1.8658000000000072,
    2.8437999999999874,
    13.1912999999995,
    38.84440000000177
  ],
  "binary": [
    0.03539999999999566,
    0.004600000000010596,
    0.006199999999978445,
    0.012499999999818101,
    0.02140000000508735
  ]
}